{
    "front": {
        "home": {
            "link" : "/",
            "title": "Accueil"
        },
        "projets": {
            "link" : "/projets",
            "title": "Projets"
        },
        "communautes":{
            "link" : "/communautes",
            "title": "Communautés"
        },
        "propos":{
            "link" : "/a-propos-de-nous",
            "title": "A Propos de Nous"
        }
    },
    "admin": {
        "link": "/admin",
        "dashboard": {
            "link": "/admin/dashboard",
            "title": "Tableau de Bord"
        },
        "communautes":{
            "link" : "/admin/communautes",
            "title": "Communautés"
        },
        "users": {
            "link" : "/admin/users",
            "title": "Utilisateurs"
        },
        "projets": {
            "link" : "/admin/projets",
            "title" : "Projets"
        },
        "partenaires": {
            "link" : "/admin/partenaires",
            "title": "Partenaires"
        }
    },
    "supervisor": {
        "link": "/admin/mon-association",
        "title": "Mon Association"
    },
    "auth": {
        "login": {
            "link": "/auth/login",
            "title": "Connexion"
        },
        "signup": {
            "link": "/auth/sign-up",
            "title": "Inscription"
        },
        "forgot_password": {
            "link": "/auth/forgot-password",
            "title": "Mot de Passe Oublié"
        },
        "profile": {
            "link": "/member/profile",
            "title": "Mon Compte Membre"
        }
    }
}